22rd 12:48, ,  ,  ,  ,  ,  ,  , 
22rd 12:48, ,  ,  ,  ,  ,  ,  , 
22rd 12:48, ,  ,  ,  ,  ,  ,  , 
22rd 12:48, ,  ,  ,  ,  ,  ,  , 
22rd 12:48, ,  ,  ,  ,  ,  ,  , 
22rd 12:48, ,  ,  ,  ,  ,  ,  , 
22rd 12:48, ,  ,  ,  ,  ,  ,  , 
22rd 12:48, ,  ,  ,  ,  ,  ,  , 
22rd 12:48, ,  ,  ,  ,  ,  ,  , 
22rd 12:48, ,  ,  ,  ,  ,  ,  , 
22rd 12:48, ,  ,  ,  ,  ,  ,  , 
22rd 12:48, ,  ,  ,  ,  ,  ,  , 
22rd 12:48, ,  ,  ,  ,  ,  ,  , 
22rd 12:48, ,  ,  ,  ,  ,  ,  , 
22rd 12:50,System.Object[]  ,  ,  ,  ,  ,  ,  , 
22rd 12:50,System.Object[]  ,  ,  ,  ,  ,  ,  , 
22rd 12:50,System.Object[]  ,  ,  ,  ,  ,  ,  , 
22rd 12:50,System.Object[]  ,  ,  ,  ,  ,  ,  , 
22rd 12:50,System.Object[]  ,  ,  ,  ,  ,  ,  , 
22rd 12:50,System.Object[]  ,  ,  ,  ,  ,  ,  , 
22rd 12:50,System.Object[]  ,  ,  ,  ,  ,  ,  , 
22rd 12:50,  ,  ,  ,  ,  ,  ,  , 
22rd 12:50,  ,  ,  ,  ,  ,  ,  , 
22rd 12:50,  ,  ,  ,  ,  ,  ,  , 
22rd 12:50,  ,  ,  ,  ,  ,  ,  , 
22rd 12:50,  ,  ,  ,  ,  ,  ,  , 
22rd 12:50,  ,  ,  ,  ,  ,  ,  , 
22rd 12:50,  ,  ,  ,  ,  ,  ,  , 
22rd 12:50,System.Object[]   ,  ,  ,  ,  ,  ,  , 
22rd 12:50,System.Object[]   ,  ,  ,  ,  ,  ,  , 
22rd 12:50,System.Object[]   ,  ,  ,  ,  ,  ,  , 
22rd 12:50,System.Object[]   ,  ,  ,  ,  ,  ,  , 
22rd 12:50,System.Object[]   ,  ,  ,  ,  ,  ,  , 
22rd 12:50,System.Object[]   ,  ,  ,  ,  ,  ,  , 
22rd 12:50,System.Object[]   ,  ,  ,  ,  ,  ,  , 
22rd 12:51,System.Object[]   ,  ,  ,  ,  ,  ,  , 
22rd 12:51,System.Object[]   ,  ,  ,  ,  ,  ,  , 
22rd 12:51,System.Object[]   ,  ,  ,  ,  ,  ,  , 
22rd 12:51,System.Object[]   ,  ,  ,  ,  ,  ,  , 
22rd 12:51,System.Object[]   ,  ,  ,  ,  ,  ,  , 
22rd 12:51,System.Object[]   ,  ,  ,  ,  ,  ,  , 
22rd 12:51,System.Object[]   ,  ,  ,  ,  ,  ,  , 
22rd 12:51,   ,  ,  ,  ,  ,  ,  , 
22rd 12:51,   ,  ,  ,  ,  ,  ,  , 
22rd 12:51,   ,  ,  ,  ,  ,  ,  , 
22rd 12:51,   ,  ,  ,  ,  ,  ,  , 
22rd 12:51,   ,  ,  ,  ,  ,  ,  , 
22rd 12:51,   ,  ,  ,  ,  ,  ,  , 
22rd 12:51,   ,  ,  ,  ,  ,  ,  , 
22rd 12:52,   ,  ,  ,  ,  ,  ,  , 
22rd 12:52,   ,  ,  ,  ,  ,  ,  , 
22rd 12:52,   ,  ,  ,  ,  ,  ,  , 
22rd 12:52,   ,  ,  ,  ,  ,  ,  , 
22rd 12:52,   ,  ,  ,  ,  ,  ,  , 
22rd 12:52,   ,  ,  ,  ,  ,  ,  , 
22rd 12:52,   ,  ,  ,  ,  ,  ,  , 
22rd 12:52,   ,  ,  ,  ,  ,  ,  , 
22rd 12:52,   ,  ,  ,  ,  ,  ,  , 
22rd 12:52,   ,  ,  ,  ,  ,  ,  , 
22rd 12:52,   ,  ,  ,  ,  ,  ,  , 
22rd 12:52,   ,  ,  ,  ,  ,  ,  , 
22rd 12:52,   ,  ,  ,  ,  ,  ,  , 
22rd 12:52,   ,  ,  ,  ,  ,  ,  , 
22rd 12:52,   ,  ,  ,  ,  ,  ,  , 
22rd 12:52,   ,  ,  ,  ,  ,  ,  , 
22rd 12:52,   ,  ,  ,  ,  ,  ,  , 
22rd 12:52,   ,  ,  ,  ,  ,  ,  , 
22rd 12:52,   ,  ,  ,  ,  ,  ,  , 
22rd 12:52,   ,  ,  ,  ,  ,  ,  , 
22rd 12:52,   ,  ,  ,  ,  ,  ,  , 
